{"inputUnits":[34],"outputUnits":2,"inputs":{"0":{"dtype":"number","min":239.84122713174503,"max":411.8660553156981},"1":{"dtype":"number","min":100.59212073015655,"max":207.14818110475295},"2":{"dtype":"number","min":249.37228792127343,"max":418.7783259490312},"3":{"dtype":"number","min":92.8130014876873,"max":204.35205113818074},"4":{"dtype":"number","min":232.2858076485974,"max":401.3608403791461},"5":{"dtype":"number","min":94.40104999505056,"max":201.95073058963055},"6":{"dtype":"number","min":267.5281773022508,"max":430.3358890763965},"7":{"dtype":"number","min":96.70490168223836,"max":217.88234420687132},"8":{"dtype":"number","min":226.55053806119028,"max":386.21653833816856},"9":{"dtype":"number","min":103.62720154879386,"max":209.12977192601727},"10":{"dtype":"number","min":271.98520474498963,"max":459.73173859058994},"11":{"dtype":"number","min":129.65796041209794,"max":247.01141119468048},"12":{"dtype":"number","min":221.75143266049508,"max":383.6858750133254},"13":{"dtype":"number","min":136.4163347805685,"max":247.49919452630053},"14":{"dtype":"number","min":281.24511525412515,"max":490.993382266158},"15":{"dtype":"number","min":128.67271973608064,"max":256.0581509179307},"16":{"dtype":"number","min":200.9745981911702,"max":360.97028572424574},"17":{"dtype":"number","min":133.47206874200475,"max":254.77833232916817},"18":{"dtype":"number","min":241.6802895231786,"max":499.83119012784306},"19":{"dtype":"number","min":65.83710371169894,"max":324.53045463933813},"20":{"dtype":"number","min":132.09927861918248,"max":413.9303582918342},"21":{"dtype":"number","min":89.28164714493482,"max":325.45466789260473},"22":{"dtype":"number","min":249.19591595090154,"max":464.58675154003714},"23":{"dtype":"number","min":230.1481500517787,"max":326.2004199409113},"24":{"dtype":"number","min":232.23668743527654,"max":402.99184163411456},"25":{"dtype":"number","min":279.22486541331625,"max":323.11693425764116},"26":{"dtype":"number","min":246.71720805921052,"max":465.12849625555856},"27":{"dtype":"number","min":280.74501721714904,"max":441.9391642490558},"28":{"dtype":"number","min":220.52697098046016,"max":425.78718456840886},"29":{"dtype":"number","min":380.489207633987,"max":432.56074842189025},"30":{"dtype":"number","min":239.52959605360124,"max":458.45665729069106},"31":{"dtype":"number","min":359.5392296328182,"max":538.5857786397952},"32":{"dtype":"number","min":199.87252514264736,"max":424.6476046616106},"33":{"dtype":"number","min":434.57511886983355,"max":538.4400345056843}},"outputs":{"0":{"dtype":"string","min":0,"max":1,"uniqueValues":["f","n"],"legend":{"f":[1,0],"n":[0,1]}}},"isNormalized":true}