{"inputUnits":[34],"outputUnits":2,"inputs":{"0":{"dtype":"number","min":304.5087764509472,"max":472.4303991009152},"1":{"dtype":"number","min":41.12594440898931,"max":70.5170581958912},"2":{"dtype":"number","min":311.3419703433388,"max":475.9117269237139},"3":{"dtype":"number","min":33.529514959681094,"max":62.25480494211058},"4":{"dtype":"number","min":295.81634759438197,"max":463.5629920885112},"5":{"dtype":"number","min":32.35869587978192,"max":61.61213791161251},"6":{"dtype":"number","min":318.62958168193376,"max":475.16186422307123},"7":{"dtype":"number","min":42.78736463996634,"max":64.55919975890518},"8":{"dtype":"number","min":278.2833994666503,"max":442.8873932896069},"9":{"dtype":"number","min":39.352012954027785,"max":62.41983930502252},"10":{"dtype":"number","min":311.9740857576069,"max":447.2144042492842},"11":{"dtype":"number","min":95.35517939814815,"max":110.97193548786245},"12":{"dtype":"number","min":253.0603485404864,"max":427.4237929078338},"13":{"dtype":"number","min":87.80409547088206,"max":107.6247205232319},"14":{"dtype":"number","min":303.74324092158565,"max":448.96936308803146},"15":{"dtype":"number","min":114.20607598436737,"max":180.0448698374728},"16":{"dtype":"number","min":229.2797435143305,"max":412.69288953517145},"17":{"dtype":"number","min":107.44734795702362,"max":176.68200665747213},"18":{"dtype":"number","min":300.21208281637865,"max":483.6437024568256},"19":{"dtype":"number","min":114.14835433513795,"max":244.9531706871345},"20":{"dtype":"number","min":219.9737523173728,"max":470.0999525044164},"21":{"dtype":"number","min":83.63046181364598,"max":240.7657090869331},"22":{"dtype":"number","min":281.25793576008164,"max":439.4469009644804},"23":{"dtype":"number","min":214.60993329916317,"max":254.6609470300507},"24":{"dtype":"number","min":258.93246124594765,"max":426.2374515050103},"25":{"dtype":"number","min":214.18772201091923,"max":251.24412373027837},"26":{"dtype":"number","min":261.0183959722984,"max":432.77369449013156},"27":{"dtype":"number","min":294.8881263063665,"max":350.92450593647203},"28":{"dtype":"number","min":256.3932773523163,"max":430.1961132146229},"29":{"dtype":"number","min":293.28218634830347,"max":351.7542961373431},"30":{"dtype":"number","min":253.87274967067188,"max":414.23835590801275},"31":{"dtype":"number","min":406.8020879734329,"max":462.3736203437195},"32":{"dtype":"number","min":250.05168238113728,"max":411.77381370499813},"33":{"dtype":"number","min":407.90601109435914,"max":461.67624906722097}},"outputs":{"0":{"dtype":"string","min":0,"max":1,"uniqueValues":["f","n"],"legend":{"f":[1,0],"n":[0,1]}}},"isNormalized":true}